关键词,商品名称,价格,链接
樊振东alc,蝴蝶Butterfly蝴蝶底板 樊振东alc-横板FL,1189.00,https://item.jd.com/10180960185142.html
樊振东alc,皓昔蝴蝶樊振东ALC横拍长柄底板,618.00,https://item.jd.com/10185255680719.html
樊振东alc,旭杉斯alc乒乓球拍底板底拍横拍直拍金标银 带原盒 横拍长柄金标,271.64,https://item.jd.com/10164199219617.html
樊振东alc,皓昔蝴蝶樊振东ALC横拍长柄底板,618.00,https://item.jd.com/10185257157098.html
樊振东alc,蝴蝶（Butterfly）专业级乒乓球拍蝴蝶樊振东代言蝴蝶拍乒乓球拍单拍儿童初学进阶 8星横拍黄手柄803【双面反胶】,518.00,https://item.jd.com/10093640906860.html
樊振东alc,JPHZNB桧木乒乓球底板双龙眼乒乓球拍底板桧木乒乓板直拍ppq长胶单桧整 8毫米直板,444.00,https://item.jd.com/10105894780664.html
樊振东alc,蝴蝶（Butterfly）专业级乒乓球拍蝴蝶樊振东代言蝴蝶拍乒乓球拍单拍儿童初学进阶 2星横拍蓝手柄203【颗粒胶皮】,82.00,https://item.jd.com/10093640906830.html
樊振东alc,蝴蝶（Butterfly）专业级乒乓球拍蝴蝶樊振东代言蝴蝶拍乒乓球拍单拍儿童初学进阶 4星横拍蓝手柄402【双面反胶】,135.00,https://item.jd.com/10080887956389.html
樊振东alc,BUTTERFLY KISSES底板蝴蝶alc乒乓成品拍同结构外置diy同手工 横拍  底标(银标) 裸拍,158.00,https://item.jd.com/10163456221762.html
樊振东alc,蝴蝶（Butterfly）乒乓球拍底板樊ALCFL【日版】预售,2779.00,https://item.jd.com/10148586934897.html
樊振东alc,蝴蝶Butterfly蝴蝶底板 樊振东alc-横板FL,1189.00,https://item.jd.com/10180960185142.html
樊振东alc,皓昔蝴蝶樊振东ALC横拍长柄底板,618.00,https://item.jd.com/10185255680719.html
樊振东alc,旭杉斯alc乒乓球拍底板底拍横拍直拍金标银 带原盒 横拍长柄金标,271.64,https://item.jd.com/10164199219617.html
樊振东alc,皓昔蝴蝶樊振东ALC横拍长柄底板,618.00,https://item.jd.com/10185257157098.html
樊振东alc,蝴蝶（Butterfly）专业级乒乓球拍蝴蝶樊振东代言蝴蝶拍乒乓球拍单拍儿童初学进阶 8星横拍黄手柄803【双面反胶】,518.00,https://item.jd.com/10093640906860.html
樊振东alc,蝴蝶（Butterfly）【日版】Butterfly蝴蝶球拍ALC 直板CS,1393.00,https://item.jd.com/10137034342702.html
樊振东alc,Butterfly日版VIS底板蝴蝶王30041张继科樊振东alc维斯卡利亚乒乓球拍 日版 小黄人联名款 5层纯木 横板,1436.50,https://item.jd.com/10165375057384.html
樊振东alc,旭杉斯alc乒乓球拍底板底拍横拍直拍金标银 带拍包 横拍长柄银标,306.32,https://item.jd.com/10174142555477.html
樊振东alc,JPHZNB桧木乒乓球底板双龙眼乒乓球拍底板桧木乒乓板直拍ppq长胶单桧整 8毫米直板,444.00,https://item.jd.com/10105894780664.html
樊振东alc,蝴蝶（Butterfly）专业级乒乓球拍蝴蝶樊振东代言蝴蝶拍乒乓球拍单拍儿童初学进阶 2星横拍蓝手柄203【颗粒胶皮】,82.00,https://item.jd.com/10093640906830.html
樊振东alc,蝴蝶Butterfly蝴蝶底板 樊振东alc-横板FL,1189.00,https://item.jd.com/10180960185142.html
樊振东alc,旭杉斯alc乒乓球拍底板底拍横拍直拍金标银 带原盒 横拍长柄金标,271.64,https://item.jd.com/10164199219617.html
樊振东alc,桐汝壁alc乒乓球拍底板底拍横拍直拍金标银 带原盒 横拍长柄金标,282.40,https://item.jd.com/10182190040720.html
樊振东alc,皓昔蝴蝶樊振东ALC横拍长柄底板,618.00,https://item.jd.com/10185257157098.html
樊振东alc,蝴蝶（Butterfly）专业级乒乓球拍蝴蝶樊振东代言蝴蝶拍乒乓球拍单拍儿童初学进阶 8星横拍黄手柄803【双面反胶】,518.00,https://item.jd.com/10093640906860.html
樊振东alc,蝴蝶（Butterfly）专业级乒乓球拍蝴蝶樊振东代言蝴蝶拍乒乓球拍单拍儿童初学进阶 4星横拍红手柄401【双面反胶】,135.00,https://item.jd.com/10093630776790.html
樊振东alc,蝴蝶Butterfly蝴蝶底板 樊振东alc-横板ST,1159.00,https://item.jd.com/10190017958937.html
樊振东alc,蝴蝶（Butterfly）专业级乒乓球拍蝴蝶樊振东代言蝴蝶拍乒乓球拍单拍儿童初学进阶 孔令辉明星款直拍短柄【经典款】,1460.00,https://item.jd.com/10093640906865.html
樊振东alc,旭杉斯alc乒乓球拍底板底拍横拍直拍金标银 带原盒 横拍长柄金标,291.45,https://item.jd.com/10182204625742.html
樊振东alc,蝴蝶（Butterfly）专业级乒乓球拍蝴蝶樊振东代言蝴蝶拍乒乓球拍单拍儿童初学进阶 3星横拍黑手柄302【双面反胶】,106.00,https://item.jd.com/10093640906834.html
